video_id,category_1
6FtGBb2is6I,Food and Entertaining
4d7y7_W0Qj8,Food and Entertaining
7M8s_s4p9g0,Food and Entertaining
q9m0fF5F_6Y,Food and Entertaining
v4tA74f4j8w,Food and Entertaining
J_CFBjV0mX8,Food and Entertaining
y8qE6X4f5_8,Food and Entertaining
gkjnR3-ZVts,Food and Entertaining
UEEsdXn8zp8,Food and Entertaining
9h9y2pQb0ow,Food and Entertaining
vLEjErfgAxE,Food and Entertaining
fTaSkbTWJTc,Food and Entertaining
e9rODVcvYZY,Food and Entertaining
cdBmY2NvR8k,Food and Entertaining
fu47Vt3r4tE,Food and Entertaining
